{"cameraMode":{"drawMode":0,"name":"Shaded","section":"Shading Mode"},"sceneLighting":true,"audioPlay":false,"sceneViewState":{"showFog":true,"showMaterialUpdate":false,"showSkybox":true,"showFlares":true,"showImageEffects":true,"showParticleSystems":true},"in2DMode":false,"pivot":{"x":-308.4947509765625,"y":57.671043395996097,"z":124.02662658691406},"rotation":{"x":-0.1973409205675125,"y":0.38402703404426577,"z":-0.0843890905380249,"w":-0.8980329036712647},"size":487.1766357421875,"orthographic":false}